geo,name,1990,1991,1992,1993,1994,1995,1996,1997,1998,1999,2000,2001,2002,2003,2004,2005,2006,2007,2008,2009,2010,2011,2012,2013,2014,2015,2016,2017,2018,2019,2020,2021,2022,2023
afg,Afghanistan,255.09,254.15,255.83,263.56,265.19,269.63,270.59,271.4,269.12,271.4,273.63,274.15,269.46,276.37,286.03,291.79,294.81,299.33,301.95,305.46,308.32,317.93,330.52,337.23,347.51,355.87,362.19,365.01,375.95,382.8,385.62,437.83,438.09,461.44
ago,Angola,191.52,195.09,198.64,204.75,210.77,212.62,205.35,208.19,224.73,234.63,242.04,253.07,270.29,282.12,290.49,304.55,326.59,343.04,364.5,384.75,405.35,426.98,445.76,470.43,499.21,528.02,549.66,574.14,597.93,626.04,668.07,732.03,785.45,841.81
alb,Albania,526.47,504.16,495.32,492.97,490.52,522.17,550.72,536.24,555.18,548.06,579.84,579.98,607.67,646.23,643.87,641.06,629.84,589.9,617.02,616.05,628.29,648.03,672.92,702.65,737.03,765.39,789.62,810.89,832.67,874.04,907.37,982.99,911.4,802.94
and,Andorra,21.09,22.17,23.3,25.37,25.97,27.52,28.48,29.51,30.49,31.17,32.2,32.67,33.93,35.18,35.92,34.57,35.61,36.86,37.96,38.73,37.1,32.54,31.07,31.51,32.52,32.46,33.44,34.92,36.16,37.65,39.89,41.87,44.35,45.83
are,UAE,112.42,119.03,125.75,134.34,144.38,158.65,167.13,171.89,181.3,185.71,175.19,183.52,187.59,189.57,185.88,175.66,185.94,189.35,186.56,183.03,188.01,189.75,188.93,183.41,182.14,193.44,206.49,223.13,237.93,262.84,229.18,249.83,324.38,415.7
arg,Argentina,8256.9,8368.49,8449.61,8545.14,8532.09,8680.43,8817.8,8916.62,9100.87,9299.22,8825.13,8753,8908.7,9018.46,8917.55,8883.81,8911.76,9230.63,8991.12,8918.35,8895.53,8897.91,8792.03,8782.56,8522.3,8552.42,8626.69,8325.24,8269.86,8096.3,7695.1,7877.68,8685.54,7787.07
arm,Armenia,834.45,922.28,932.71,892.56,844.77,878.51,890.86,885.71,873.42,900.8,934.32,964.29,991.9,1017.85,1043.94,1068.9,1101.77,1092.32,1150.49,1159.03,1092.49,1116.86,1043.11,1005.36,1027.21,1006.9,985.07,958.34,959,1009.41,982.42,981.8,970.93,864.8
atg,Antigua and Barbuda,4.16,3.94,3.9,3.62,3.79,3.82,3.78,3.7,3.75,3.84,3.87,3.9,4.05,4.22,4.14,4.28,4.4,4.63,4.65,4.74,4.6,4.59,4.76,4.78,4.73,4.97,5.2,5.07,5.06,4.77,4.85,4.46,4.61,4.63
aus,Australia,6031.46,6013.34,6141.86,6129.99,6338.16,6503.32,6579.64,6577.3,6748.41,6755.38,6707.02,6804.92,6953.76,6990.52,7315.75,7281.7,7429.62,7692.28,8042.95,8043.28,7663.48,7907.03,7881.11,7958.84,8169.18,7690.44,7861.44,7815.58,7930.67,8232.66,7725.41,8096.92,8493.66,8144.25
aut,Austria,2655.52,2654.2,2627.14,2645,2554.57,2661.82,2658.16,2650.86,2679.38,2642.39,2644.63,2643.6,2738.03,2780.41,2849.65,2819.15,2882.94,2862.21,2979.76,3091.12,3019.28,3041.3,3048.32,3123.75,3127.12,3075.6,3031.36,3030.76,3098.02,3003.81,3040.68,3011.57,3122.03,3083.27
aze,Azerbaijan,1158,1161.99,1149.36,1151.38,1105.4,1187.36,1118.86,1049.83,994.31,951.31,970.3,933.07,928.78,957.25,987.26,1013.87,1071.41,1107.64,1165.1,1222.71,1164.02,1233.45,1289.44,1308.25,1329.32,1150.32,1189.35,1225.91,1269.06,1372.28,1505.98,1404.5,1346.27,1474.01
bdi,Burundi,60.48,60.72,60.95,61.52,60.38,60.05,61.13,61.14,60.62,61.06,62.53,63.89,65.29,67.06,70.33,74.85,79.69,86.03,93.26,99,105.33,112.24,118.78,124.3,133.21,141.35,148.75,155.45,161.45,171.2,185.07,217.55,209.06,226
bel,Belgium,6988.29,6859.88,6842.18,6804.38,6618.75,6778.73,6585.83,6555.05,6449.93,6393.93,6229.34,6266.89,6322.42,6289.72,6272.18,6154.92,6197.69,6214.11,6344.69,6475.05,6146.34,6184.25,6216.21,6240.35,6146.41,5846.31,5796.78,5589.95,5455.59,5236.39,5126.75,5215.18,5361.85,5201.15
ben,Benin,26.91,27.65,28.17,29,29.45,29.96,30.73,31.48,32.77,33.51,34.46,33.95,33.99,33.94,33.5,33.77,34.98,35.12,37.44,39.32,40.52,42.68,44.34,45.4,46.98,52.22,52.77,54.66,55.74,58.52,62.35,63.35,66.09,71.14
bfa,Burkina Faso,169.66,170.84,171.96,174.57,174.47,175.28,175.54,175.05,178.19,177.6,178.41,176.12,180.22,179.73,183.33,186.9,191.72,190.68,192.23,193.13,192.58,190.15,197.39,196.73,202.27,229.82,232.95,237.3,241.02,243.81,250.56,254.01,304.54,340.35
bgd,Bangladesh,3019.06,3311.43,3239.02,3307.2,3407.38,3492.43,3596.95,3698.99,3844.05,4011.5,4090.53,4225.7,4370.28,4545.05,4673.92,4811.81,4900.16,5021.26,5171.28,5457.88,5771.49,6170.66,6757.71,7254.99,7812.35,8252.4,8745.75,9135.93,9681.18,10082.91,10271.89,11565.93,12550.14,13217.94
bgr,Bulgaria,2867.9,2892.5,2913.67,2987.12,2995.95,3031.37,3031.37,2976.55,2915.77,2965,3032.96,3049.12,3149.99,3250.4,3289.09,3363.98,3382.76,3395.86,3393.02,3338.4,3349.58,3472.04,3435.81,3396.79,3345.34,3314.36,3260.81,3240.34,3172.86,3133.93,3080.93,3035.52,2870.75,2771.18
bhr,Bahrain,37.76,37.31,37.73,38.34,39.19,42.49,44.52,46.44,48.07,48.93,52.36,53.81,56.32,58.32,60.35,63.75,66.75,68.95,71.1,73.55,78.18,80.96,83.87,85.97,88.96,98.88,103.23,108.08,116.98,123.71,129.07,148.04,171.43,196.44
bhs,Bahamas,20.01,18.74,18.87,19.19,21.56,23.04,22.8,22.25,22.64,23.41,24.83,25.45,28.14,29.67,29.11,29.53,30.9,31.73,32.34,33.33,34.07,34.52,33.3,33.45,34.19,35.57,36.54,37.75,39.23,42.38,46.12,59.1,47.68,45.17
bih,Bosnia and Herzegovina,1384.16,1384.88,1392.72,1414.72,1413.37,1414.04,1450.3,1493.65,1549.17,1631.21,1683.42,1717.83,1719.62,1738.07,1770.71,1805.9,1834.73,1844.46,1856.49,1860.74,1865.4,1869.42,1855,1822.91,1801.33,1789.35,1754.77,1760.89,1766.64,1765.38,1708.44,1693.54,1659.89,1645.96
blr,Belarus,2832.8,2971.24,3217.7,3458.17,3571.65,3814.29,3857.58,3963.81,4018.02,4015.8,4088.32,4075.3,3849.41,3778.28,4035.72,4470.57,3879.72,3454.09,3356.18,3352.27,3386.65,3250.26,3140.55,3070.76,3107.88,2777.92,2939.62,3255.99,3450.4,3478.5,3447.51,3550.91,3712.23,3731.34
blz,Belize,7.71,7.68,7.68,7.8,8.53,9.88,10.59,11.1,12.17,13.06,13.92,14.57,15.67,15.48,15.08,15.35,16.08,16.64,17.02,17.42,17.18,18.75,18.78,19.81,20.46,21.38,21.74,22.36,23.02,23.48,24.94,24.85,24.32,26.39
bol,Bolivia,227.37,238.18,250.01,262.59,277.1,288.44,304.27,314.5,326.68,341.31,354.65,373.6,392.83,413.51,436.09,460.62,478.5,491.17,502.82,513.19,530.77,551.67,579.04,605.78,634.45,661.28,694.32,723.9,761.63,800.6,1215.35,1123.7,907.88,910.02
bra,Brazil,10339.6,10529.98,11010.29,11506.92,11754.57,12026.01,12284.8,12587.29,12983.63,13340.1,13782.84,14162.73,14424.63,14912.86,15383.32,15558.84,15759.73,16268.78,16768.31,17023.08,17586.71,18007.39,18239.11,18738.09,19083.31,19530.2,20094.53,20194.16,20423.42,20836.57,20646.59,20780.06,21416.91,21809.85
brb,Barbados,21.62,21.47,21.98,21.59,21.01,21.08,20.97,20.94,20.52,20.36,20.47,20.15,20.89,22.23,22.8,23.27,23.66,24.27,24.68,24.42,23.56,23.8,24.61,24.98,25.92,27.35,28.37,28.76,29.5,30.39,32.34,33.91,35.56,33.15
brn,Brunei,21.68,21.51,21.46,21.21,20.98,22.6,22.44,22.37,22.39,22.38,23.97,24.4,25.15,26.05,27.02,27.99,29.34,30.22,31.57,32.85,32.51,34.06,35.75,37.04,38.43,38.51,39.92,41.47,43.37,46.18,49.27,52.1,53.45,56.78
btn,Bhutan,7.24,7.76,8.27,8.65,8.91,9.55,10.06,10.63,10.81,11.18,11.7,12.31,12.86,13.44,13.94,14.48,14.8,15.12,15.42,15.67,16.17,17.05,18.13,18.84,19.8,20.45,21.37,22.2,23.11,23.74,24.38,25.97,27.29,27.62
bwa,Botswana,18.54,19.36,20.28,21.2,22.92,25.2,27.94,31.62,35.79,39.48,41.99,44,42.43,37.66,32.94,30.32,31.77,29.92,30.1,30.26,30.41,31.73,33.43,35.34,37.38,40.21,43.56,45.8,49.35,53.35,56.77,63.94,66.89,72.64
caf,Central African Republic,35.11,36.52,37.51,39.99,41.35,41.55,42.59,41.74,42.22,42.14,41.33,40.97,41.17,40.22,39.79,39.52,39.88,39.98,40.09,41.36,44.3,46.97,48.43,49.72,50.46,53.16,54.14,56.64,58.23,61.87,66.7,68.88,80.73,86.46
can,Canada,11719.12,11744.55,11803.05,12004.5,11848.38,12417.73,12445.62,12525.87,12764.23,12975.7,12820.08,13016.01,13350.77,13554.03,13849.46,13363.82,13705.11,14112.91,14362.52,14944.51,13640.36,14126.21,14393.3,14343.03,14882.53,14006.92,14092.9,14353.04,14355.44,14200.03,14155.87,14131.33,14296.46,15388.61
che,Switzerland,2527.03,2506.36,2489.93,2492.51,2483.49,2632.05,2643.47,2634.72,2660.78,2639.33,2667.84,2686.62,2635.76,2666.04,2674.32,2666.2,2656.59,2704.95,2753.44,2745.84,2701.47,2744.72,2706.83,2744.19,2795.78,2790.44,2741.14,2734.67,2753.99,2655.28,2629.92,2684.05,2884.67,2716.46
chl,Chile,1336.51,1376.45,1373.26,1381.95,1396.12,1449.78,1491.01,1460.1,1481.31,1511.27,1497.72,1571.34,1582.86,1592.85,1694.16,1727.9,1767.14,1797.92,1785.63,1878.7,1985.63,2046.37,2017.57,2104.76,2110.61,2145.25,2172.84,2194.68,2237.6,2254.15,2219.45,2254.34,2392.19,2299.16
chn,China,214406.99,221900.82,227411.12,232431.91,238919.65,245265.91,252113.48,258972.38,266771.99,276448.27,286306.48,296270.87,303273.99,310167.31,316886.12,327968.21,344698.42,363781.77,373073.16,379804.5,385239.2,392868.45,398641.23,414503.57,428712.53,452328.84,485835.47,514905.13,510287.15,493375.44,488292.33,557281.26,622681.65,599327.02
civ,Cote d'Ivoire,108.14,110.6,113.03,117.76,122.17,126.85,134.61,142.1,149.51,154.48,160.32,156.25,154.15,147.03,143.46,141.9,142.8,141.32,143.47,143.46,140.62,150.26,168.1,177.45,187.89,216.98,227.23,236.74,252.04,260.2,284.31,295.06,349.22,385.05
cmr,Cameroon,247.29,245.78,240.19,238.53,237.73,239.33,241.7,241.44,247.86,253.2,263.51,264.01,270.47,271.65,273.68,278.2,290.58,294.7,312.3,330.54,346.94,362.93,380.29,392.84,408.21,452.37,455.82,469.89,491.68,515.55,540.94,570.37,619.2,676.99
cod,"Congo, Dem. Rep.",610.83,629.69,640.24,647.46,643.4,644.17,646.25,648.42,664.47,681.95,696.6,711.38,740.86,750.36,769.74,791.61,824.01,852.91,889.97,926.47,957.03,999.58,1045.25,1101.65,1172.71,1232.45,1290.05,1353.68,1433.2,1520.37,1728.55,1798.11,2028.21,2126.14
cog,"Congo, Rep.",36.6,38.17,39.72,41.09,44.65,45.06,46.19,49.27,47.74,50.42,52.61,52.75,56.01,59.15,61.75,66.21,70.46,74.52,79,83.74,86.96,88.34,92.18,95.37,100.12,105.79,110.16,114.4,118.96,128.28,138.51,147.42,161.84,171.91
col,Colombia,1666.08,1711.92,1769.36,1815.18,1856.41,1918.62,1945.77,1957.19,1919.74,2004.3,2054.33,2140.98,2240.72,2323,2464.92,2582.49,2648.69,2708.28,2739.35,2804.47,2868.43,2958.89,2933.83,3110.74,3244,3283.25,3339.6,3415.21,3350.01,3258.66,3277.18,3117.3,3155.18,3195.04
com,Comoros,4.08,4.25,4.38,4.49,4.57,4.62,4.86,4.72,4.93,4.98,5.37,5.41,5.74,5.84,5.65,6.03,5.83,6.43,6.5,6.59,6.53,6.86,6.86,7.07,7.63,7.83,8.09,8.3,8.42,8.92,10.7,13.71,10.89,11.36
cpv,Cape Verde,14.79,15.08,15.42,15.74,16.45,18.74,16.27,16.24,16.67,17.23,17.63,18.19,18.65,19.11,19.53,20.01,21.06,22.1,22.31,22.86,23.39,25.28,26.68,26.8,27.4,29.54,29.36,30.42,29.11,29.99,30.27,30.92,33.72,35.29
cri,Costa Rica,149.85,147.88,155.24,164.79,170.31,170.34,184.85,177.29,175.65,186.47,192.46,195.55,196.53,201.61,204.25,210.51,206.8,213.06,213.64,220,233.11,253.4,252.86,253.62,251.2,256.44,255.26,262.81,269.28,267.05,282.02,269.7,297.8,338.35
cub,Cuba,2482.21,2521.37,2526.74,2471.1,2511.07,2631.62,2687.38,2646.3,2678.9,2691.22,2788.58,2824.42,3010.39,3159.18,3260.03,3276.39,3383.24,3515.82,3611.24,3687.63,3561,3607.68,3623.32,3696.4,3844.12,3902.6,3916.87,3967.66,3982.63,3856.97,3875.82,4058.9,3329.66,3473.76
cyp,Cyprus,192.59,205.45,212.91,210.98,206.79,231.25,239.58,247.31,262.01,246.71,249.78,244.28,268.87,270.16,292.33,275.4,280.38,311.98,322.27,336.02,314.79,318.74,356.92,378.69,395.89,367.83,368.16,403.46,408.71,429.56,424.64,442.57,443.18,415.01
cze,Czech Republic,5333.78,5282.09,5219.69,5153.14,4987.22,5249.28,5151.97,5111.19,5027.75,5011.43,5137.97,5048.81,5040.32,5025.59,5088.99,5019.55,4985.48,5029.12,5041.87,5086.49,4982.97,4907.46,4777.09,4670.72,4631.18,4466.77,4545.8,4556.54,4478.76,4432.96,4423.46,4164.5,4076.51,3974.03
deu,Germany,33900.28,34058.71,34087.53,35007.05,35045.99,36337.93,36469.83,36538.08,36962.39,36970.46,38179.23,37527.61,37800.32,38302.79,37999.57,38899.8,39172.73,39949.54,40758.23,41561.92,40263.04,40375.18,40512.61,41638.89,41287.86,40790.35,40468.44,40269.77,40351.83,39388.77,39543.89,39552.5,40046.62,41048.26
dji,Djibouti,8.03,8.24,8.7,9.92,9.16,9.86,10.03,10.12,10.62,10.96,11.36,11.75,12.22,12.32,13.53,14.28,15.33,16.41,17.63,18.6,19.94,21.49,23.47,24.91,25.67,28.47,30.46,32.81,33.79,36.3,38.13,45.17,44.65,50.06
dma,Dominica,5.59,5.73,5.89,6.05,6.15,6.49,6.52,6.39,6.55,6.49,6.82,6.89,6.98,7.08,7.18,7.26,7.41,7.41,7.58,7.63,7.92,8.06,8.15,8.22,8.32,8.69,8.81,8.76,8.86,9.07,9.62,9.79,9.68,10.12
dnk,Denmark,3417.74,3296.29,3277.41,3262.16,2776.52,2731.21,2650.9,2546.93,2450,2415.99,2472.43,2473.32,2467.74,2525.04,2598.03,2555.46,2659.9,2661.12,2696.46,2714.14,2627.7,2631.83,2674,2716,2767.31,2612.28,2571.64,2603.65,2525.88,2506.66,2459.94,2596.82,2636.06,2675.85
dom,Dominican Republic,350.31,357.61,364.43,370.52,377.06,383.95,396.86,405.88,415.67,429.9,447.63,467.22,479.09,486.34,490.38,496.48,507.94,524.67,542.63,562.92,584.22,610.7,628.14,636.04,645.7,677.37,708.47,740.93,780.64,829.16,944.13,971.42,1014.96,1042.11
dza,Algeria,743.9,784.54,798.54,815.96,835.47,851.67,851.01,853.16,859.88,863.64,864.39,869.39,901.49,942.31,1000.22,1079.53,1118.51,1171.05,1227.37,1295,1374.77,1435.47,1508.69,1568.88,1641.56,1716.67,1816.26,1937.6,2059.61,2187.15,2206.39,2293.19,2491.19,2664.48
ecu,Ecuador,343.69,364.14,387.23,405.24,418.37,456.47,462.94,476.25,481.67,461.1,499.47,537.99,576.57,576.25,585.9,613.29,624.89,629.18,630.24,627.35,627.14,624.3,612.03,567.49,554.8,527.78,518.43,548.46,571.75,627.8,565.35,564.59,587.47,571.81
egy,Egypt,1353.21,1405.48,1479.46,1599.26,1710.13,1796.9,1855.26,1948.21,2062.55,2173.89,2320.68,2581.12,2906.99,3353.33,3697.2,3963.93,4251.69,4515.23,4777.56,5035.33,5200.21,5233.55,5461.04,5529.45,5758.44,6179.61,6198.23,6225.66,6528.63,6649.8,6547.81,7332.35,8900.13,9237.59
eri,Eritrea,32.63,32.98,31.91,30.61,31.21,31.45,33.35,35.34,36.87,38.77,40.29,41.13,43.55,44.96,47.5,49.91,51.98,54.16,56.39,58.86,61.05,64.04,68.33,72,73.93,79.45,82.91,87.08,91.57,94.82,101.23,106.41,131.9,131.23
esp,Spain,16166.92,16535.36,16839.39,17313.62,17471.85,18698.66,18723.52,18782.11,19447.45,20173.67,20004.15,20566.06,20911.62,21703.07,22174.82,21987.61,22422.87,23289.72,23549.34,24111.55,22998.49,23967.67,24426.42,24042.89,23992.55,23938.99,23594.56,23495.14,23816.77,23328.13,23243.58,22754.58,24222.13,23691.4
est,Estonia,642.66,710.32,717.7,696.59,646.76,656.93,641.56,641.03,622.82,609.49,622.59,607.53,617.22,624.8,594.15,600.14,625.93,625.68,619.27,587.02,593.84,586.93,590.66,586.21,610.44,588.66,575.5,567.67,581.05,564.34,552.58,553.23,513.65,519.58
eth,Ethiopia,838.66,871.05,908.84,947.86,982.84,1018.57,1065.22,1106.33,1140.76,1173.05,1201.82,1237.5,1271.8,1288.81,1320.14,1377.02,1453.87,1551.61,1665.65,1766.98,1873.14,2002.23,2068.21,2178.33,2243.74,2280.62,2376.48,2496.51,2629.94,2799.49,2926.79,3368.21,3538.7,3903.05
fin,Finland,1911.56,1864.77,1927.93,1889.43,1831.34,1884.38,1848.17,1822.88,1829.25,1788.13,1764.78,1777.69,1782.8,1794.8,1821.01,1834.73,1908.47,1924.44,1904.65,1958.78,1974.4,1951.61,1952.62,1989.04,1973.95,1993.01,2031.2,2037.89,2022.9,2035.2,1994.39,2099,2073.22,2196.8
fji,Fiji,24.78,25.31,25.91,26.23,26.52,26.93,27.32,28.06,29.46,30.49,31.52,33.07,35.09,36.61,38.24,38.07,38.55,38.89,39.19,40.41,41.18,41.85,42.31,43.09,44.28,45.73,46.95,48.13,49.79,51.04,52.54,55.27,58.54,61.98
fra,France,24135.25,24411.01,24864.65,25309.76,25096.86,26310.7,26621.81,26708.34,27446.77,28105.71,29463.77,30227.96,31082.53,32075.29,32436.93,33126.05,33889.3,34718.64,35436.99,36428.83,35826.55,36433.3,37263.46,37900.46,37773.91,38445.82,38269.4,37917.36,37819.46,37063.21,36655.12,35625.45,38713.36,39658.11
fsm,"Micronesia, Fed. Sts.",13.35,13.4,13.37,13.43,13.48,14.27,14.22,14.12,14.05,13.93,14.99,14.46,14.5,14.25,14.08,14.1,13.96,13.85,13.79,13.84,14.09,14.33,14.63,14.85,14.99,15.83,15.99,16.36,16.77,16.43,17.06,19.34,17.03,17.29
gab,Gabon,20.18,21.49,22.13,22.27,22.94,23.93,24.48,25.8,26.77,26.94,27.81,28.79,30.51,31.35,32.54,34.63,36.22,37.89,38.76,39.42,39.94,41.25,42.91,45.78,48.33,51.93,53.95,55.76,58.12,61.13,64.96,67.67,77.25,82.31
gbr,UK,31843.9,31316.59,30650.7,30640.72,29390.13,29219.7,28383.52,27564.63,27534.09,27135.74,26211.81,25964.72,25838.15,25653.14,25432.06,24965.32,25376.16,25900.09,26489.27,26606.42,25739.89,26142.64,26202.11,26679.68,26662.31,26224.23,26124.88,26005.28,25950.68,25527.66,25399.6,24393.9,24922.89,26888.13
geo,Georgia,1390.76,1386.26,1246.62,1072.2,923.6,894.88,891.13,902.28,953.58,987.46,1007.16,1017.27,1055.11,1062.81,1039.81,1053.42,1104,1101.5,1183.25,1217.11,1268.58,1409.78,1455.7,1461.18,1471.94,1596.13,1657.97,1588.58,1483.78,1351.46,1319.04,1291.55,1253.8,1252.69
gha,Ghana,293.59,299.16,307.54,319.21,330.69,338.05,345.51,354.39,369.2,377.83,393.96,397.54,403.57,400.67,403.01,404.61,411.54,403.67,423.68,441.46,450.94,486.72,516.93,530.55,555.21,625.86,650.65,677.15,701.33,731.86,781.53,834.49,907.74,922.67
gin,Guinea,146.05,151.56,158.31,162.35,167.63,172.45,173.72,174.83,176.86,176.67,175.74,174.65,173.4,171.12,169.02,168.41,171.76,171.22,172.84,174.75,176.76,181.68,186.68,184.09,188.5,200.33,202.76,208.73,214.85,221.88,228.29,237.26,268.91,280.28
gmb,Gambia,5.99,6.37,6.95,7.06,7.12,8.19,7.89,8.06,8.73,9.55,9.09,8.74,9,9.28,10.33,10.86,10.79,10.97,10.61,11.08,11.1,10.42,10.94,10.88,12.04,12.47,13.5,15.58,15.61,16.96,17.97,18.66,20.04,22.04
gnb,Guinea-Bissau,12.16,12.26,12.3,12.37,12.62,12.44,13.68,13.43,12.59,12.31,12.23,12.37,12.57,12.71,12.85,13.63,13.41,13.6,14.31,14.47,14.89,15.42,16.15,15.93,16.77,18.41,19.23,20.43,21.05,22.15,23.86,23.61,27.19,28.62
gnq,Equatorial Guinea,10.15,10.42,10.66,11.01,11.11,11.47,12.07,13.31,14.33,15.59,16.97,18.33,19.52,20.1,21.16,22.75,23.62,24.62,26.05,28.42,30.35,30.8,30.53,31.4,32.75,34.07,35.06,36.24,37.58,39.09,42.78,46.83,53,57.53
grc,Greece,5651.05,5776,5848.25,5938.18,5930.99,6098.22,6119.35,6136.24,6288.92,6472.93,6553.57,6481.41,6565.31,6721.07,6924.91,6862.72,6905.96,6839.21,7008.72,6824.86,6565.67,6788.13,6816.49,6891.81,7077.46,7092.5,6969.67,7057.27,6885.22,6816.74,6715.14,6718.95,6663.33,6827.94
grd,Grenada,7.17,6.55,6.6,6.63,6.85,7.15,7.18,7.54,7.74,7.54,7.93,8.17,8.68,9.2,9.23,9.32,9.84,9.77,9.75,9.52,9.44,9.67,9.82,10.03,10.38,10.32,10.39,10.08,10.34,10.35,10.39,9.77,9.03,9.03
gtm,Guatemala,181.31,197.08,198.47,203.6,219.3,213.12,215.57,245.69,241.84,268.7,271.4,271.39,277.21,284.19,294.77,304.46,292.13,305.98,304.38,300.3,298.68,289.61,287.94,286.56,282.7,294.2,298.45,304.16,318.05,321.09,328.65,327.84,309.51,329.06
guy,Guyana,19.93,19.19,18.5,18.07,17.64,17.49,18.43,18.37,18.83,21.09,26.29,23.68,21.95,22.21,21.97,22.46,22.8,23.24,23.51,25.2,24.74,24.84,25.1,26.6,26.38,26.11,25.84,25.35,26.08,24.65,29.38,32,33.72,38.5
hnd,Honduras,108.09,114.28,120.6,127.33,133.32,138.93,144.35,151.17,156.62,162.54,169.25,175.16,180.49,185.44,189.98,193.29,196.22,199.31,202.52,205.49,209.55,219.66,237.52,247.2,255.96,265.59,268.69,279.03,292.53,307,301.21,330.03,348.6,371.95
hrv,Croatia,2316.7,2259.59,2210.39,2218.54,2216.51,2379.57,2357.81,2379.69,2367.96,2276.27,2405.57,2463.62,2453.68,2441.17,2446.41,2380.78,2435.43,2438,2403.07,2434.84,2284.55,2360.59,2309.43,2340.9,2368.27,2200.42,2253.7,2285.83,2258.58,2141.1,2087.08,2047.95,2044.6,2043.25
hti,Haiti,170.89,171.95,182.42,191.68,190.02,198.94,203.95,215.3,209.82,217.35,223.02,229.75,233.65,238.33,244.6,243.89,247.3,254.99,260.33,264.94,263.01,269.33,280.35,294.51,306.03,315.59,327.88,338.75,353.79,371.07,385.13,417.87,448.27,475.15
hun,Hungary,5635.75,5772.59,5906.25,6009.36,6039.1,6135.84,6160.39,6146.68,6185.86,6095.52,6147.88,6085.2,6071.95,6152.82,6141.31,6142.91,6085.09,6133.4,6130.73,6162.12,6128.66,6088.3,6019.61,5842.87,5815.75,5720.76,5752.09,5747.96,5656.29,5309.77,5157.32,4990.79,4858.92,4789.23
idn,Indonesia,8685.74,9000.19,9325.91,9691,10074.42,10490.31,10945.92,11386.62,11719.48,12100.63,12534.13,12963.11,13423.87,13939.04,15157.53,15049.9,15763.06,16532.92,17389.07,18241.69,19073.6,19931.81,20795.94,21572.95,22311.86,23280.85,24323.29,25344.81,26748.96,28221.09,30781.77,35842.91,33405.8,34953.56
ind,India,21194.87,21686.95,21954.23,22267.11,22362.2,22600.75,23929.96,25669.09,26817.46,27437.41,27976.94,28818.95,29879.18,30202.9,29938.65,30929.03,32813.44,34629.86,35331.7,36652.39,38564.24,41423.01,43829.7,44749.87,45630.72,47358.46,51870.49,54870.1,57652.59,58491.41,61296.97,76481.39,69460.75,72199.83
irl,Ireland,1166.45,1129.44,1147.65,1160.34,1138.78,1147.23,1096.64,1054.17,1101.64,1116.14,1074.46,1081.96,1098.91,1141.89,1181.62,1082.33,1160.3,1205.2,1224.64,1274.56,1189.19,1258.31,1291.61,1322.25,1326.57,1271.93,1287.94,1303.03,1317.85,1374.28,1380.86,1350.79,1518.46,1579.43
irn,Iran,2513.46,2559.33,2640.81,2709.75,2771.95,2891.02,2954.91,3023.08,3111.64,3211.82,3400.68,3519.55,3612.17,3804.77,3770.56,3871.43,3988.16,4124.36,4267.78,4421.41,4547.36,4689.03,4750.96,4920.71,5046.45,5276.03,5522.79,5738.38,5958.76,6179.99,6324.07,6074.08,6276.46,6589.63
irq,Iraq,1199.08,1209.42,1231.73,1262.54,1288.58,1311.78,1334.89,1362.46,1409.57,1461.51,1513.66,1569.93,1624.57,1670.44,1736.1,1813.67,1905.5,2021.48,2153.09,2294.53,2468.53,2638.18,2813.11,2961.42,3116.56,3311.28,3447.95,3595.65,3829.82,4075.65,4519.62,4673.61,5024.94,5373.39
isl,Iceland,60.17,62.01,60.78,60.5,60.09,63.7,70,72.37,72.05,71.07,70.78,71.04,70.97,73.81,76.75,82.68,83.74,87.67,85.49,86.58,89.16,90.2,91.81,89.45,91.14,87.86,93.08,91.28,89.71,84.83,84.47,85.06,92.19,97.63
isr,Israel,834.4,869.43,914.63,971.22,998.21,1023.8,1048.96,1084.99,1171.62,1172.25,1157.45,1206.67,1246.06,1278.08,1335.06,1304.87,1398.23,1438.15,1444.84,1450.94,1508.68,1518.5,1525.85,1587.03,1624.65,1662.71,1620.69,1658.85,1670.02,1668.91,1683.6,1701.52,1796.71,1900.04
ita,Italy,28779.64,29081.15,29074.72,29306.19,29388.49,29976.65,29828.19,29997.03,30581.46,30551.65,30152.77,30424.33,30515.76,31289.61,30512.58,30647.07,30724.7,30957.54,31040.25,31224.89,30218.19,30601.61,30240.14,29645.98,29275.16,29404.57,27937.66,28346.7,27605.74,26920.29,26967.7,25861.46,26500.35,25897.04
jam,Jamaica,239.58,247.25,246.18,251.81,260.72,275.36,283.63,293.35,309.6,317.06,336.53,339.84,327.77,329.08,316.35,309.31,322.12,331.3,368.86,335.32,329.57,326.02,353.77,358.79,360.37,385.1,400.99,417.47,427.33,433.04,447.74,469.99,459.7,436.71
jor,Jordan,248.29,256.37,264.05,268.32,271.83,282.26,282.42,282.59,283.45,285.47,296.91,299.82,305.57,318.46,337.04,365.16,392.87,427.77,463.91,499.39,540.35,570.4,604.7,642.17,682.34,745.74,789.33,844.05,913.7,984.82,1067.56,1198.8,1216.17,1284.57
jpn,Japan,38524.9,39416.72,41145.08,42583.05,43006.85,47025.39,47729.73,49198.88,50714.22,52659.69,54711.72,55810.9,57641.35,59857.81,62753.2,66065.37,67662.12,70817.77,73855.63,74938.14,76488.65,79192.87,80773.94,82337.82,84074.07,82884.02,82947.45,84585.2,84606.6,85867.94,85436.65,86527.86,89831.96,92772.88
kaz,Kazakhstan,4811.64,4631.82,4634.72,4536.21,4368.61,4281.48,4047.8,3819.73,3668.29,3590.18,3445.3,3377.12,3380.95,3366.83,3202.6,3115.29,3053.56,3043.44,2966,2972.48,2895.94,2974.44,2956.04,2808.91,2625.95,2531.08,2647.88,2647.81,2659.94,2674.33,2789.62,2605.68,2405.29,2608.98
ken,Kenya,177.56,181.92,187.22,194.15,202.22,209.93,218.06,225.9,233.4,241.3,249.09,254.9,259.35,266.33,280.86,288.11,290.26,296.35,307.91,321.26,331.86,346.31,358.86,369.21,384.95,405.54,423.44,438.17,463.11,484.84,577.94,669.99,574.88,615.19
kgz,Kyrgyz Republic,612.02,620.39,622.95,575.79,542.73,545.03,516.41,493.47,464.71,439.96,385.43,373.37,383.05,386.43,378.18,367.64,368.58,348.61,348.5,377.69,372.11,386.06,393.38,412.4,427.39,386.35,408.55,411.95,426.81,389.14,344.24,365,376.28,430.86
khm,Cambodia,336.9,351.09,365.3,378.47,392.21,413.46,426.69,439.81,458.4,469.13,485.05,509.74,532.88,543.08,554.57,565.85,564.6,576.77,586.23,595.26,616.01,621.93,648.37,679.97,696.79,746.73,782.33,800.86,841.67,886.14,946.28,947.15,1025.33,1102.98
kir,Kiribati,1.69,1.74,1.78,1.85,1.94,2.17,2.22,2.3,2.39,2.5,2.75,2.87,3.01,3.13,3.24,3.39,3.5,3.6,3.71,3.79,3.9,3.95,4.01,4.08,4.13,4.43,4.52,4.62,4.99,4.88,5.05,5.52,5.63,5.85
kna,St. Kitts and Nevis,2.71,2.64,2.57,2.4,2.38,2.4,2.43,2.37,2.37,2.35,2.41,2.42,2.46,2.48,2.46,2.42,2.46,2.45,2.5,2.57,2.47,2.49,2.47,2.43,2.4,2.44,2.51,2.54,2.54,2.59,2.76,2.93,2.83,2.84
kor,South Korea,6124.76,6516.41,6731.08,7101.24,7716.71,8473.25,8840.9,9628.3,10139.19,10551.5,11100.03,11274.23,11639.17,11984.3,12684.36,13205.55,13816.34,14489.6,15120.78,15538.2,15914.8,16565.52,17566.45,18066.13,18606.08,18952.71,19479.64,19975.49,20886.79,20936.04,21898.14,22116.34,24055.89,23696.13
kwt,Kuwait,64.15,60.02,54.85,54.44,50.9,57.16,60.45,56.06,55.34,50.44,52.31,57.65,61.58,67.56,68.24,66.09,74.52,79.32,80.33,82.28,90.97,100.91,109.4,119.02,109.61,125.77,121.9,135.09,154.49,152.1,140.51,144.82,172.79,168.18
lao,Lao,188.28,192.69,198.47,205.97,213.77,221.97,229.13,236.95,245.78,252.47,260.86,269.14,278.37,284.12,288.59,296.27,304.47,316.81,328,343.11,362.16,378.92,398.8,423.54,439.98,473.57,493.79,507.3,527.66,553.08,584.83,604.63,673,706.28
lbn,Lebanon,168.84,180.43,191.09,202.15,215.57,237.08,253.46,270.5,289.06,309.76,336.69,355.55,369.34,388.78,409.56,439.21,478.98,523.87,571.45,612.11,640.2,710.24,795.38,886.98,955.98,943.75,872.23,853.26,973.69,1312.29,1731.23,1088.81,1121.32,1170.21
lbr,Liberia,63.69,62.46,58.48,57.77,57.9,54.87,57.67,53.3,54.38,55.1,55.47,54.67,54.81,54.5,55.15,54.59,56.57,57.14,58.88,60.93,62.47,65.7,70.23,72.52,72.99,78.99,80.94,82.4,87.42,93.71,108.84,124.55,117.92,127.7
lby,Libya,320.35,327.96,336.02,343.14,350.23,355.93,363.35,368.72,380.67,394.44,405.82,418.45,433.14,453.59,480.65,509.72,543.31,569.3,589.14,616.41,629.4,627.46,649.78,671.36,675.59,687.23,695.88,718.71,771.94,813.32,863.07,962.34,923.4,983.02
lca,St. Lucia,8.93,9.04,8.73,8.2,8.26,8.93,9.2,9.02,9.24,9.47,9.72,9.76,10.11,10.83,11.15,11.37,11.62,12.05,12.5,12.35,12.6,12.67,12.95,13.49,13.34,13.81,13.56,13.51,13.54,12.95,13.63,14.28,14.06,14.4
lka,Sri Lanka,867.58,835.1,829.9,852.6,890.4,923.46,1019.59,1011.23,1058.32,1097.74,1100.61,1149.65,1192.36,1233.72,1372.83,1320.31,1366.14,1446.09,1497.6,1558.57,1599.13,1611.41,1669.99,1771.04,1858.61,1887,1934.79,2038.5,2120.19,2115.36,2137.41,2119.94,2855.96,3063.54
lso,Lesotho,76.84,76.63,75.77,75.78,75.56,77.12,79.58,82.37,85.5,89.74,95.22,113.48,126.97,122.06,115.56,95.35,75.17,62.89,59.12,61.23,64.66,68.5,72.98,79.14,88.43,96.72,91.81,85.47,85.12,86.68,85.36,90.36,106.09,114.57
ltu,Lithuania,1361.61,1439.26,1472.45,1425.96,1434.33,1436.52,1417.17,1390.26,1399.28,1374.93,1367.28,1368.02,1386.65,1390.24,1375.19,1361.65,1403.24,1386.56,1366.5,1358.73,1332.9,1343.04,1310.76,1282.62,1302.88,1257.89,1205.58,1176.68,1169.17,1191.66,1137.29,1066.32,1056.27,1039.69
lux,Luxembourg,194.12,191.18,195.23,196.22,191.65,201.52,199.82,200.73,198.36,192.71,191.95,185.29,188.2,191.91,195.71,194.21,200.85,204.28,197.76,209.15,204.63,206.26,205.7,209.54,221.3,215.65,216.47,203.91,199.94,193.14,185.54,186.68,177.75,191.24
lva,Latvia,1133.37,1218.81,1278.17,1303.78,1319.84,1244.45,1109.49,1027.31,999.56,1026.07,1025.1,1029.79,1008.02,1001.09,1003.2,992.9,1014.09,982.01,977.71,968.37,930.72,907.86,885.58,879.75,862.5,805.42,824.84,829,807.08,809.98,799.89,810.63,827.13,804.13
mar,Morocco,1302.35,1343.06,1378.69,1414.38,1459.27,1493.6,1533.4,1559.22,1597.44,1633.49,1672.56,1711.36,1759.3,1811.12,1859.27,1908.56,1958.39,2022.41,2096.64,2174.45,2230.45,2320.6,2433.85,2597.37,2748.65,2933.95,3122.93,3336.7,3533.38,3786.19,3962.55,4309.17,4752.55,4925.73
mco,Monaco,34.36,34.87,35.28,35.92,36.65,38.75,39.74,40.55,41.74,42.84,43.51,44.27,45.45,46.59,47.77,47.24,47.59,48.52,50.1,50.25,47.59,48.41,49.2,51.21,51.92,50.33,49.31,49.13,50.17,50.71,52.47,55.21,55.41,58.48
mda,Moldova,1120.65,1011.77,1011.9,1021.43,1005.31,986.77,960.88,900.14,826.61,754.23,752.36,778.03,773.78,805.97,809.92,819.07,852.08,857.4,878.46,881.14,888.83,921.02,917.52,930.25,927.53,935.92,955.93,923.2,953.39,902.37,845.22,835.11,906.06,894.42
mdg,Madagascar,323.59,329.48,335.55,330.46,337.34,331.36,327.16,324.96,318.62,319.01,317.87,316.52,311.97,306.24,307.17,309.35,319.18,334.54,351.75,363.32,375.17,389.5,400.83,414.64,427.44,445.92,465.02,478.03,503.12,525.84,548.98,630.57,681.68,713.98
mdv,Maldives,7.41,7.88,8.27,8.62,8.97,9.44,9.94,10.48,11.05,11.6,12.19,12.9,13.58,14.26,15.26,15.67,16.59,17.6,18.59,19.55,20.42,21.26,21.95,22.81,23.49,24.12,25.02,26.09,27.26,28.89,29.6,29.78,32.61,35.06
mex,Mexico,4044.58,4119.95,4290.13,4483.85,4513.6,4653.43,4705.72,4846.78,4891.23,4947.92,4942.33,5021.9,5157.92,5218.6,5274.42,5363.26,5211.5,5079.16,5091.98,4932.02,4981.64,5084.91,4961.05,4943.05,4979.92,5056.02,5125.94,5256.43,5226.01,5171.06,5173.95,5039.15,4835.38,4851.41
mhl,Marshall Islands,3.04,3.09,3.13,3.2,3.36,3.62,3.66,3.68,3.72,3.73,4.03,4.01,4.08,4.16,4.21,4.32,4.37,4.45,4.54,4.63,4.8,4.88,4.98,5.1,5.2,5.55,5.66,5.78,5.88,6.01,6.34,7.12,6.91,7.07
mkd,North Macedonia,432.88,444.77,470.11,484.78,502.44,539.91,555.71,579.51,587.47,601.5,649.35,650.68,672.62,680.49,696.51,722.51,739.91,767.03,770.4,774.38,770.39,796.48,810.24,812.94,827.03,837.82,837.97,857.53,870.27,923.22,919.01,875.13,874.91,844.53
mli,Mali,142.79,145.6,147.28,149.47,150.01,152.39,159.4,164.08,171.43,176.77,182.05,183.32,185.33,187.38,191.31,194.96,203.21,210.53,217,225.77,232.82,234.57,237.85,235.83,247.89,280.46,292.29,313.33,327.18,334.33,340.83,371.36,404.78,436.38
mlt,Malta,102.61,103.53,107.02,106.39,108.25,113.98,119.18,113.94,111.01,117.14,117.94,125.12,127.72,126.86,128.21,130.14,135.02,133.27,140.88,140.82,144.36,143.7,146.47,143.06,150.7,154.61,150.73,151.38,155.03,149.27,149.19,144.73,147.04,150.36
mmr,Myanmar,3113.76,3179.85,3217.8,3264.69,3304.37,3352.94,3383.19,3420.27,3473.82,3487.71,3518.27,3553.49,3587.32,3603.28,3605.77,3639.69,3642.54,3653.84,3931.35,3664.38,3708.38,3741.96,3836.2,4002.99,4144.29,4277.93,4505.67,4630.64,4827.87,5083.53,5482.1,6286.94,5879.19,6129.67
mne,Montenegro,193.03,195.31,200.39,205.51,211.88,242.58,254.09,261.14,270.75,271.96,300.59,307.25,323.02,325.86,338.58,333.55,337.2,328.85,329.75,340.28,312.3,319.39,324.77,333.48,338.94,307.69,314.97,299.74,319.82,295.71,323.75,338.94,346.99,346.47
mng,Mongolia,235.26,249.29,256.85,262.43,266.46,275.49,275.49,271.6,267.58,263.13,268.48,268.66,269.15,266.44,263.55,264.14,266.6,267.98,280.5,295.07,303.48,321.03,338.19,348.79,352.3,341.02,348.53,363.14,376.34,378.63,387.61,448.89,489.9,493.1
moz,Mozambique,186.99,189.42,191.43,193.06,195.64,200.6,205.9,210.34,215.72,220.94,227.41,231.78,242.03,243.79,248.29,251.24,251.07,247.03,245.57,239.4,234.33,236.61,243.8,247.87,244.14,244.85,247.65,253.09,265.96,287.39,304.25,350.37,335.63,348.09
mrt,Mauritania,56.91,58.38,60.84,64.54,63.03,63.89,66.76,69.18,73.79,73.66,76.96,79.35,82.27,82.51,86.7,88.38,94.28,93.51,93.99,100.43,101.14,102,109.13,107.82,106.53,113.87,112.46,121.96,123.48,132.94,140.61,153.09,165.61,167.82
mus,Mauritius,74.62,82.19,84.04,79.92,82.49,89.55,86.83,79.47,83.56,92.02,98.17,107.28,102.87,108.09,108.97,105.21,103.28,105.87,110.69,109.87,110.7,113.26,117.47,122.92,121.43,120.61,123.32,121.03,118.57,121.59,114.96,118.7,119.78,131.55
mwi,Malawi,86.93,87.82,88.46,89.68,88.96,89.59,90.04,90.94,91.69,92.16,95.66,96.94,99.82,100.28,103.73,104.05,99.79,96.34,95.38,97.21,105.97,113.12,118.03,121.23,126.22,131.97,137.79,143.54,151.14,159.93,171.46,267.13,200.02,207.18
mys,Malaysia,1178.67,1251.58,1315.75,1382.24,1465.72,1580.49,1676.33,1752.05,1896.96,2022.74,2183.03,2238.94,2325.05,2388.11,2438.56,2497.23,2545.79,2623.93,2702.56,2764.53,2818.41,2888.32,2980,3096.89,3176.02,3234,3358.81,3461.57,3573.5,3644.87,3686.37,3825.77,4415.67,4326.58
nam,Namibia,23.34,24.27,24.96,25.24,25.25,24.72,24.45,24.65,24.91,25.38,25.69,25.75,26.21,26.54,25.85,25.23,24.76,25.56,26.36,27.03,27.65,28.79,30.26,31.19,32.2,33.86,35.47,36.28,37.18,39.63,41.96,53.52,46.74,48.83
ner,Niger,32.58,34.29,35.6,37.73,39.14,40.45,41.68,43.09,45.18,45.57,47.54,47.44,49.78,50.87,51.62,51.95,54.21,55.75,59,60.81,62.48,64.85,67.16,68.44,70.2,82.62,85.82,85.93,89.91,90.56,99.36,98.84,109.41,121.93
nga,Nigeria,1976.63,2056.05,2046.49,2079.94,2107.75,2146.04,2214.22,2274.54,2353.13,2408.42,2498.57,2518.49,2573.42,2558.38,2579.78,2599.51,2641.03,2655.52,2700.57,2779.91,2870.16,2957.28,3083.13,3125.16,3222.57,3549.33,3515.81,3588.37,3593.93,3634.43,3870.75,3986.84,4352.15,4608.94
nic,Nicaragua,67.31,67.63,72.58,77.94,82.46,85.66,88.07,91.55,99.96,96.42,100.52,102.27,105.32,108.5,113.13,117.03,122.21,125.52,129.05,133.59,138.41,143.29,146.84,151.51,156.09,161.89,163.17,169.43,179.03,198.4,207.41,208.9,190.57,176.57
nld,Netherlands,8320.81,8298.19,8310.66,8376.15,8191.9,8203.82,8210.53,8099.67,8073.06,8064.79,7931.66,7955.85,8011.35,7912.07,8007.83,7941.59,7924.96,8033.82,8130.2,8354.28,8244.72,8297.43,8248.53,8274.32,8172.46,8206.2,8229.06,8126.69,7973.74,7742.9,7538.78,7510.82,7645.99,7702.78
nor,Norway,1264.39,1302.18,1317.78,1351.23,1366.06,1390.05,1420.02,1429.57,1453.31,1492.97,1485.42,1519.89,1591.38,1583.94,1591.34,1590.27,1637.46,1677.79,1710.01,1735.34,1739.61,1786.2,1779.52,1769.14,1756.23,1727.65,1712.55,1711.09,1705.15,1662.55,1665.54,1630.02,1665.44,1727.87
npl,Nepal,345.17,366.48,389.15,404.17,428.94,452.96,479.49,503.42,528.06,552.87,571.02,588.58,604.57,619.68,623.87,626.09,620.49,618.23,615.63,620.67,620.04,636.54,670.26,690.66,726.33,738.15,776.86,791.9,823.06,846.9,865.88,1026.38,1057.75,1123.14
nru,Nauru,1.03,1.04,1.04,1.04,1.04,1.1,1.1,1.1,1.1,1.1,1.16,1.15,1.13,1.11,1.09,1.08,1.05,1.03,1.02,1.02,1.02,1.03,1.06,1.09,1.13,1.22,1.27,1.34,1.4,1.47,1.61,1.9,1.82,1.91
nzl,New Zealand,1035.09,1025.73,1062.94,1056.69,1055.71,1066.4,1061.35,1038.06,1023.17,1012.96,1024.07,1024.62,1037.89,1042.85,1100.28,1022.19,1007.12,1043.35,1076.95,1105.54,1075.84,1107.27,1118.26,1119.27,1164.97,1189.17,1205.83,1184.37,1224.38,1231.77,1207.15,1283.28,1335.98,1402.16
omn,Oman,60.92,61.96,64.22,65.82,66.61,68.82,69.68,70.9,72.47,73.1,76.88,78.69,80.88,80.86,81.19,81.69,83.95,85.04,88.44,91.19,92.85,100.08,107.08,108.78,110.42,113.09,117.22,122.75,125.69,128.18,141.87,157.17,149.27,163.23
pak,Pakistan,2659.09,2760.15,2836.8,2913.41,2939.73,2983.34,3056.51,3032.66,3044.71,3036.2,3029.77,3115.18,3191.1,3230.48,3282.06,3420.28,3397.42,3471.21,3523.05,3595.91,3641.45,3777.82,3949.08,4057.34,4188.84,4241.16,4365.03,4430.21,4563.19,4636.93,5009.55,5573.84,5547.97,6026.69
pan,Panama,155.74,159.75,164.23,162.8,166.98,169.73,177.69,172.6,173.1,174.45,175.37,184.36,189.49,199.33,205.19,212.06,215.88,221.45,226.07,221.37,229.31,235.57,235.25,241.44,239.9,242.16,236.37,237.14,236.79,246.39,236.19,209.2,218.13,230.19
per,Peru,801.26,888.85,962.86,1030.69,1104.29,1181.39,1259.7,1215.73,1180.65,1104.23,1075.96,1065.04,1086.75,1160.65,1223.43,1244.9,1232.29,1276.87,1322.74,1328.16,1346.8,1337.51,1350.49,1337.93,1330.53,1308.84,1362.97,1514.18,1612.06,1712.43,1903.31,2234.31,2082.92,2060.5
phl,Philippines,3941.19,4053.07,4268.25,4532.51,4782.14,4972.75,5161.86,5316.4,5511.75,5670.28,5877.46,6098.06,6239.75,6248,6281.65,6447.54,6510.16,6490.77,6604.11,6748.78,6771.04,6775.02,6947.86,7066.65,7085.34,7211.27,7277.64,7213.3,7254.87,7323.45,7021.24,8209.01,7846.99,7552.43
plw,Palau,2.17,2.25,2.34,2.43,2.62,2.89,3.02,3.12,3.26,3.38,3.66,3.71,3.73,3.74,3.73,3.71,3.64,3.57,3.52,3.53,3.56,3.58,3.66,3.89,4.12,4.54,4.79,4.99,5.21,4.55,4.83,5.43,5.24,5.35
png,Papua New Guinea,227.35,238.16,248.77,261.49,274.16,302.37,315.65,322,328.35,340.28,368.11,371.52,379.52,383.32,385.76,396.66,401.52,418.14,425.77,431.92,464.54,482.04,497.02,500.32,522.61,584.9,594.02,619.62,643.18,686.39,711.98,754.69,844.71,902.34
pol,Poland,16851.64,17346.97,17476.34,17804.04,17859.34,18577.48,18482.65,18609.26,19139.61,19485.25,19920.33,20133.19,20334.7,20415.71,20475.26,20575.2,20628.88,20588.11,20558.36,20511.36,20117.02,20042.38,20027.11,19949.73,20121.69,20190.63,19892.07,19805.09,19849.39,18808.98,18167.85,16959.55,17275.31,17030.38
prk,North Korea,2197.23,2276.89,2354.15,2428.6,2495.15,2549.78,2599.09,2651.62,2704.42,2756.89,2808.98,2873.46,2939.94,2990.14,3045.01,3102.77,3152.96,3192.09,3224.41,3244.71,3275.48,3358.92,3437.57,3575.22,3642.21,3724.87,3815.48,3950.95,4057.1,4188.16,4317.77,4538.78,4838.16,5021.14
prt,Portugal,2349.69,2396.87,2455.99,2651.08,2634.38,2772.5,2909.53,2944.59,3074.47,3121.61,3120.88,3193.56,3294.07,3461.31,3540.46,3740.27,3941.84,3881.61,3793.65,3894.86,3925.15,3994.89,4051.5,4198.09,4097.42,3978.33,4095.43,4162.69,4210.29,4204.12,4264.11,4123.42,4313.11,4232.91
pry,Paraguay,175.78,189.9,204.22,221.47,241.06,260.94,279.28,302.22,323.82,339.61,357.57,371.28,384.86,394.63,410.39,425.75,438.67,457.23,471.36,486.04,507.01,522.16,535,546.38,564.68,582.5,602.58,623.86,639.99,658.65,670.76,688.52,628.57,658.44
pse,Palestine,104.96,108.23,112.13,116.48,120.99,129.29,132.76,136.51,141.64,146.96,157.07,161.04,164.48,169.67,175.53,184.97,191.6,199.33,210.67,221.99,236.07,244.93,251.68,262.27,271.01,294.64,306.27,321.62,334.77,346.12,340.32,361.68,393.56,428.39
qat,Qatar,16.47,16.9,17.76,18.76,19.8,21.14,22.03,23.04,24.53,26.25,28.57,30.76,33.38,34.81,35.08,34.49,34.26,34.4,34.94,35.93,37.85,40.76,44.43,45.74,47.24,52.78,53.07,55.24,59.24,61.2,59.98,61.89,64.19,79.88
rou,Romania,6185.59,6480.97,6790.67,7010.65,7141.12,7523.59,7495.73,7471.91,7444.41,7247.04,7524.48,7651.64,7779.83,7775.26,7886.52,7807.52,7916.8,8038.98,8261.82,8589.85,8276.74,8563.26,8494.85,8564.22,8864.22,8790.87,8670.22,8661.98,8586.62,8182.09,8033.76,7781.69,8210.26,7904.25
rus,Russia,59829.81,59741.39,60610.62,64116.3,63807.58,62145.67,58792.65,57567.95,55783.87,55522.83,57370.36,54793.51,54102.85,52524.88,50500.71,51361.9,49154.81,48596.19,48817.62,48278.22,50492.54,49336.35,49030.36,48969.34,48996.79,50975,51029.34,49669.94,50323.03,49258.12,48741.93,46961.97,44253.82,46856.22
rwa,Rwanda,152.99,157.62,160.02,160.91,180.06,136.64,120.42,131.01,141.39,143.27,142.59,141.35,144.96,150.57,162.03,171.44,184.56,194.05,203.32,213.79,222.65,235.85,251.24,269.2,287.57,304.86,319.8,336.7,358.94,386.32,412.83,469.48,511.32,558.25
sau,Saudi Arabia,627.41,646.56,663.69,682.75,696.31,705.26,710.08,711.77,725.35,743.3,782.29,811.12,852.47,896.53,956.98,1031.5,1112.45,1197.58,1267.31,1320.19,1345.82,1339.56,1314.04,1250.16,1167.04,1128.09,1106.56,1125.97,1153.25,1195.9,1244.49,1276.21,1287.89,1339.93
sdn,Sudan,607.18,632.13,653.67,682.43,700.48,730.62,760.18,783.93,813.9,830.37,864.5,892.89,924.44,941.9,966.93,978.71,1007.22,1034.39,1071.4,1110.02,1129.64,1159.04,1184.44,1219.47,1236.4,1317.98,1362.9,1422.61,1474.57,1531.89,1633.34,1736.25,1848.25,1918.25
sen,Senegal,102.77,107.57,110.17,112.13,114.88,114.34,120.17,120.29,123.75,126.85,125.77,158.96,162.3,150.57,158.2,161.56,161.73,165,169.74,177.89,170.03,176.26,179.82,175.56,187.61,192.96,201.2,209.33,204.69,226.18,232.41,249.18,278.32,298.08
sgp,Singapore,626.12,629.8,627.35,619.92,642.49,673.34,713.19,737.88,765.47,774.32,778.88,785.31,784.01,779.4,831.61,849.28,884.1,904.48,959.3,975.55,944.27,982.04,1050.88,1095.9,1121.48,1117.82,1127.67,1152.24,1142.08,1163.9,1154.6,1183.91,1220.85,1021.72
slb,Solomon Islands,23.04,24.1,24.03,24.69,25.39,27.06,27.53,28.21,28.55,28.52,30.76,30.3,30.11,30.22,30.03,31.43,32.4,32.41,32.65,35.66,37.18,42.29,45.63,48.86,53.29,59.03,60.77,64.35,67.76,72.42,78.04,84.13,91.24,95.88
sle,Sierra Leone,89.22,90.53,91.95,92.21,93.47,94.18,93.34,90.53,91.36,90.32,90.89,90.14,91.52,92.99,93.29,94.63,97.94,99.74,99.94,102.44,105.7,110.78,116.87,117.76,120.83,130.16,130.51,133.01,135.91,140.38,150.49,150.26,162.83,174.43
slv,El Salvador,152.7,161.08,166,168.15,169.87,173.12,181.04,187.15,189.1,199.79,206.68,214.54,222.4,223.42,224.71,230.08,233.85,239.44,245.04,243.58,243.64,242.31,267.81,276.59,283.03,283.25,283.35,295.59,305.77,322.42,345.4,371.79,362.88,372.19
smr,San Marino,10.06,10.06,10.06,10.09,10.31,11.02,11.17,11.46,11.66,11.72,11.82,11.91,12.06,12.27,12.23,11.79,11.74,11.71,11.64,11.63,10.81,10.78,10.73,10.48,10.22,9.52,9.58,9.3,9.22,9.58,9.4,9.59,10.55,12.56
som,Somalia,42.19,43.41,45,45.33,46.86,47.43,48.96,51.1,53.52,55.98,59.74,61.9,64.34,66.31,69.79,73.36,76.06,79.56,82.21,86.08,88.77,92.35,94.84,97.81,102.32,108.08,114.84,121.13,127.14,132.92,146.7,200.23,160.97,171.93
srb,Serbia,3702.22,3814.4,3949.16,4042.35,4122.88,4241.82,4342.94,4438.55,4571.49,4704.49,4884.2,4754.11,4985.13,5065.82,5168.61,5305.27,5279.29,5303.16,5378.35,5476.34,5502,5562.93,5555.85,5521.99,5540.64,5557.61,5455.5,5456.2,5373.79,5350.57,5228.55,5098.27,4920.14,4962.92
ssd,South Sudan,150.87,150.13,152.87,154.13,154.78,159.86,158.82,152.93,155.77,155.76,158.99,155.25,155.88,160.7,164.18,164.63,172.85,175.59,177.61,183.47,187.84,193.85,200.06,206.85,211.5,223.12,226.89,229.58,230.22,231.22,241.26,240.12,271.28,286.33
stp,Sao Tome and Principe,5.51,5.54,5.67,5.8,5.97,5.87,6.02,6.19,6.4,6.68,6.59,6.83,7.07,7.23,7.43,7.89,8.17,8.47,8.68,8.79,9.26,9.5,9.55,9.98,10.49,11.15,11.7,12.08,12.46,13.07,15.57,15.85,15.55,15.91
sur,Suriname,25.09,25.42,25.86,25.15,26.37,29.96,30.96,31.23,31.39,31.83,32.39,33.62,34.92,35.5,36.72,37.69,39.32,40.65,41.99,43.39,43.19,44.53,46.84,47.96,49.39,49.12,49.92,50.8,51.62,52.75,53.72,61.41,52.7,52.48
svk,Slovak Republic,2198.56,2150.66,2075.16,2004.98,1928.11,2059.29,2017.92,1985.02,1964.64,1934.62,2047.67,1997.08,1939.22,1917.45,1919.08,1908.42,1926.19,1933.04,1929.64,1943.33,1850.26,1864.3,1877.06,1913.62,1935.71,1774.56,1813.11,1842.18,1844.28,1833.34,1843.61,1884.29,1894.03,1852.52
svn,Slovenia,790.06,776.78,811.98,821.48,834.68,886.2,865.83,851.26,869.78,871.99,895.42,897.39,901.06,932.33,972.24,981.94,977.59,977.59,972.31,935.68,943.95,963.11,933.56,928.34,972.62,975.7,970.46,944.79,936.15,911.21,890.98,904.99,924.11,898.44
swe,Sweden,2039.27,2050.33,2032,2007.77,2003.21,2033.98,2029.34,2053.57,2074.06,2093.29,2058.3,2062.2,2077.88,2115.46,2161.77,2204.57,2206.37,2171.2,2218.41,2229.09,2268.43,2297.82,2264.35,2207.68,2201.31,2181.15,2190.94,2177.59,2115.92,2038.08,2020.38,1922.11,1908.04,1965.65
swz,Eswatini,19.96,21.08,22.2,22.81,22.76,19.48,18.45,17.78,17,16.8,15.41,16.18,16.77,17.67,18.56,17.4,15.91,14.74,14.54,14.44,12.71,12.07,11.7,11.2,10.52,10.7,10.35,10.75,11.56,12.27,13.36,14.92,14.93,15.34
syc,Seychelles,8.34,8.92,9.35,9.62,9.62,9.71,9.84,10.07,10.19,10.27,10.45,10.55,10.47,10.38,10.39,10.5,10.56,10.78,10.97,11.13,11.15,11.28,11.52,11.74,11.9,11.97,12.19,12.26,12.21,12.48,12.81,14.05,13.81,16.73
syr,Syria,550.61,563.9,581.44,597.85,614.18,630.46,642.87,654.03,666.8,681.16,714.74,747.24,781.12,812.34,832.77,863.87,897.53,943.08,992.01,1038.45,1083.27,1092.35,1091.89,1081.64,1068.15,1063.35,1081.36,1118.19,1159.77,1212.42,1198.5,1206.02,1362.06,1418.67
tcd,Chad,145.82,145.61,143.65,144.39,140.4,136.88,136.42,135.41,134.68,134.86,135.66,137.53,139.94,140.99,145,147.53,148.59,150.62,152.62,157.61,162.51,169.52,176.89,179.97,184.83,201.34,204.25,208.69,214.87,221.25,236.97,234.26,275.69,294.98
tgo,Togo,70.94,71.55,71.81,71.38,71.57,72.23,72.32,72.3,72.97,73.9,76.46,75.99,74.81,71.86,71.44,71.39,73.24,72.62,76.22,81.25,85.19,89.2,92.07,90.79,94.33,109.24,114.74,123.26,129.08,136.19,145.11,155.69,177.99,191.15
tha,Thailand,7088.58,7618.38,8175.43,8619.92,9205.64,9816.37,9428.54,8426.99,8701.31,10213.25,11055.65,11393.33,11462.96,11623.38,12060.13,12575.64,12691.75,12904.08,13059.33,13220.51,13955.91,13967.02,14121.81,14399.77,14236.88,14650.88,15093.41,14593.9,14592.89,15443.18,16082.54,16948.64,18588.47,18407.2
tjk,Tajikistan,385.48,392.04,389.37,384.54,361.83,337.5,299.63,272.7,252.54,238.51,238.14,239.26,241.96,249.08,250.94,246.49,236.46,226.81,218.77,214.19,205.36,205.99,201.96,200.83,204.61,209.83,222.05,232.8,239.56,260.18,228.23,254.93,321.69,351.7
tkm,Turkmenistan,269.72,242.25,240.23,242.43,261.73,281.27,285.4,266.18,240.61,210.61,198.97,192.51,191.36,174.15,165.79,168.2,175.78,183.89,184.14,199.98,201.5,225.5,216.07,220.5,252.39,240.99,248.44,250.79,261.49,263.34,275.22,293.24,294.83,303.48
tls,Timor-Leste,23.06,24.22,25.63,27.21,28.79,30.87,32.81,34.59,36.45,37.57,40.07,41.65,42.67,44.48,43.93,46.24,47.17,48.57,49.06,51.59,55.12,59.21,62.08,62.91,63.37,68.24,70.05,71.67,73.18,74.67,79.92,81.89,84.89,88.23
ton,Tonga,9.44,9.81,10.11,10.39,10.66,11.61,11.81,11.94,11.93,12,12.76,12.89,12.9,12.86,12.97,13.38,13.43,13.37,13.31,14.3,13.51,13.44,13.51,13.59,13.63,14.37,14.55,14.74,15,15.34,16.2,18.26,17.84,18.55
tto,Trinidad and Tobago,79.61,81.1,84.38,79.28,76.85,84.89,86.85,86.23,89.43,90.97,97.3,98.71,100.51,103.89,105.43,104.24,109.37,109.86,111.74,117.54,117.31,117.02,121.72,125.74,131.06,131.69,133.44,137.5,139.01,145.48,155.21,176.1,172.33,158.88
tun,Tunisia,1328.96,1403.3,1454.55,1508.68,1570.32,1611.6,1669.09,1706.54,1782.41,1869.87,1935.01,2010.57,2072.99,2152.42,2194.02,2262.02,2320.85,2387.11,2449.09,2516.49,2608.19,2649.07,2726.3,2791.17,2900.33,2983.09,3082.69,3154.92,3257.21,3385.53,3243.55,3059.87,3551.87,4150.49
tur,Turkey,12337.89,12492.53,12780.78,13091.13,13319.18,13418.53,13117.35,13022.17,13090.38,12889.68,13054.25,13252.42,13713.71,14172.88,14930.25,16380.75,18029.7,19056.26,19180.36,18003.56,18414.4,19636.28,20426.8,21736.7,22565.56,23390.4,24428.59,24924.11,25199.97,26081.79,27824.59,29291.66,29251.09,29422.04
tuv,Tuvalu,1.2,1.29,1.34,1.4,1.46,1.58,1.62,1.65,1.69,1.73,1.87,1.87,1.9,1.91,1.93,1.98,2.01,2.05,2.08,2.11,2.14,2.16,2.19,2.23,2.26,2.35,2.39,2.43,2.47,2.51,2.61,2.93,2.75,2.77
tza,Tanzania,160.12,166.7,174.16,178.76,183.68,187.24,191.46,196.11,198.25,198.38,201.03,205.06,213.51,221.16,228.64,232.43,239.21,248.47,256.74,264.78,271.93,286.61,303.87,314.36,321.8,332.99,345.08,351.26,357.47,363.73,389.12,439.51,399.37,436.37
uga,Uganda,303.81,325.48,334,344.32,353.65,357.41,363.45,369.6,379.36,386.78,399.74,398.35,402.66,397.6,396.56,394.73,403.12,417.46,429.7,439.22,443.35,456.35,471.08,481.57,501.04,522.56,531.74,540.9,558.23,573.62,603.67,737.02,701.66,762.63
ukr,Ukraine,17706.95,18622.23,19320.61,19635.2,19680.97,20299.42,19458.39,18633.1,17989.19,18312.24,18993.26,18838.18,19115.96,18991.88,18632.56,16804.64,15971.77,15470.7,15113.88,14877.85,14574.29,14822.78,15183.03,15188.44,14099.25,12809.35,12816.93,13176.33,13264.27,13195.07,13784.66,13322.73,12864.35,12343.9
ury,Uruguay,1425.28,1408.18,1377.91,1396.93,1409.09,1453.28,1405.82,1353.08,1351.18,1349.95,1320.06,1326.34,1325.05,1321.27,1266.21,1274.02,1290,1276.97,1275.16,1294.94,1294.76,1292.49,1257.17,1275.65,1273.38,1255.11,1257.72,1284.44,1296.76,1267.87,1213.4,1291.91,1470.36,1320.15
usa,USA,118673.15,118880.21,118777.79,121085,119485.03,121461.99,121291.65,121091.87,121776.42,122812.92,122543.55,122195.47,122870.25,123187.77,122799.66,121484.13,121145.94,120579.16,122521.2,122373.89,118543.69,119373.7,119177.5,119150.61,118309.26,114574.58,111442.15,109822.82,107129.18,105241.44,105899.35,103344.41,103265.63,100115.21
uzb,Uzbekistan,1484,1468.52,1451.1,1413.02,1381.21,1444.51,1398.25,1330.88,1288.11,1221.67,1220.09,1197.59,1207.21,1167.56,1000.98,1029.41,1064.62,1018.39,969.66,976.47,977.92,1144.96,1158.63,1231.22,1303.16,1252.61,1340.16,1383.4,1372.89,1465.18,1458.25,1491.26,1601.13,1673.91
vct,St. Vincent and the Grenadines,5.17,5.3,5.24,4.88,4.83,5.15,4.98,4.95,5.22,5.4,5.6,5.76,5.91,6.13,6.1,6.01,6.28,6.5,6.57,6.9,6.9,7.08,7.51,7.75,7.53,8.02,8.1,8.22,8.45,8.66,8.62,7.47,7.62,7.43
ven,Venezuela,1241.61,1273.69,1304.82,1335.94,1403.55,1409.46,1387.1,1478.1,1477.54,1591.93,1570.84,1641,1730.09,1815.44,1935.59,1994.07,2079,2159.75,2230.87,2351.56,2440.17,2512.81,2502.3,2568.57,2640.61,2637.8,2604.91,2734.41,2802.97,2996.9,3116.77,3200.87,3178.51,3494.29
vnm,Vietnam,5146,5356.63,5577.27,5735.04,5851.87,5992.87,6020.75,6158.97,6331.26,6436.08,6591.41,6755.83,6947.84,7147.86,7358.6,7553.19,7765.1,8023.14,8326.93,8714.19,9101.4,9539.8,10141.54,10758.24,11269.71,11891.12,12660.11,13271.29,14071.21,14912.05,15719.14,16041.76,17502.7,18692.31
vut,Vanuatu,4.13,4.41,4.64,4.83,5.16,5.19,5.4,5.5,5.62,5.77,5.65,5.84,5.54,5.33,5.39,5.75,5.95,6.23,6.46,6.54,6.68,7,7.23,7.51,7.81,8.08,8.38,8.61,8.83,9.01,9.31,9.64,10.17,10.66
wsm,Samoa,4.09,4.26,4.43,4.6,4.78,5.31,5.53,5.76,6,6.21,6.8,6.99,7.13,7.21,7.27,7.41,7.41,7.34,7.29,7.3,7.41,7.49,7.57,7.69,7.82,8.37,8.68,9.04,9.46,10.15,10.55,12.08,12.46,13.52
yem,Yemen,410.43,421.74,435.17,447.66,463.41,476.61,490.82,504.68,517.66,541.9,565.51,582.02,601.46,621.13,648.49,673.57,700.83,720.32,758.63,783.2,792.3,827.21,858.01,888.85,897.43,943.69,949.13,954.11,963.37,1020.1,1087.96,1093.47,1151.38,1185.75
zaf,South Africa,3675.01,3675.59,3763.44,4051.07,4323.06,4302.42,4605.36,4549.97,4607.31,4533.69,4316.67,4236.41,4155.02,4101.79,3916.08,3877.96,4038.28,4231.09,4422.92,4780.77,5065.71,5387.74,5637.35,5901.04,6229.49,6419.33,6490.83,6527.29,6575.63,6404.69,6370.51,6790.14,6933,7481.34
zmb,Zambia,52.38,53.87,55.56,57.13,58.79,60.92,62.62,63.83,64.78,65.76,65.63,68.58,68.74,68.22,68,67.9,70.34,71.42,74.29,78.38,81.92,87.78,92.65,96.68,102.18,107.52,113.69,117.71,121.84,127.83,143.39,182.79,149.44,158.82
zwe,Zimbabwe,565.44,606.51,705.54,758.16,835.66,866.41,926.56,972.34,979.9,966.78,886.97,889.09,883.22,868.73,818.19,743.14,690.72,620.83,610.74,599.32,588.04,618.22,647.86,662.22,660.09,677.4,711.74,714.03,741.27,760.06,784.15,996.37,800.85,819.8
